,departure,departure_time,arrival,arrival_time
0,大岡山,2026-05-04 05:00:00,目黒,2026-05-04 05:08:00
1,大岡山,2026-05-04 05:07:00,目黒,2026-05-04 05:15:00
2,大岡山,2026-05-04 05:16:00,目黒,2026-05-04 05:24:00
3,大岡山,2026-05-04 05:23:00,目黒,2026-05-04 05:32:00
4,大岡山,2026-05-04 05:28:00,目黒,2026-05-04 05:37:00
5,大岡山,2026-05-04 05:37:00,目黒,2026-05-04 05:46:00
6,大岡山,2026-05-04 05:42:00,目黒,2026-05-04 05:50:00
7,大岡山,2026-05-04 05:50:00,目黒,2026-05-04 05:59:00
8,大岡山,2026-05-04 05:54:00,目黒,2026-05-04 06:02:00
9,大岡山,2026-05-04 06:00:00,目黒,2026-05-04 06:08:00
10,大岡山,2026-05-04 06:09:00,目黒,2026-05-04 06:20:00
11,大岡山,2026-05-04 06:12:00,目黒,2026-05-04 06:18:00
12,大岡山,2026-05-04 06:19:00,目黒,2026-05-04 06:31:00
13,大岡山,2026-05-04 06:22:00,目黒,2026-05-04 06:28:00
14,大岡山,2026-05-04 06:29:00,目黒,2026-05-04 06:38:00
15,大岡山,2026-05-04 06:36:00,目黒,2026-05-04 06:45:00
16,大岡山,2026-05-04 06:40:00,目黒,2026-05-04 06:49:00
17,大岡山,2026-05-04 06:45:00,目黒,2026-05-04 06:53:00
18,大岡山,2026-05-04 06:48:00,目黒,2026-05-04 07:00:00
19,大岡山,2026-05-04 06:51:00,目黒,2026-05-04 06:57:00
20,大岡山,2026-05-04 06:54:00,目黒,2026-05-04 07:04:00
21,大岡山,2026-05-04 06:57:00,目黒,2026-05-04 07:06:00
22,大岡山,2026-05-04 07:00:00,目黒,2026-05-04 07:09:00
23,大岡山,2026-05-04 07:03:00,目黒,2026-05-04 07:15:00
24,大岡山,2026-05-04 07:06:00,目黒,2026-05-04 07:12:00
25,大岡山,2026-05-04 07:08:00,目黒,2026-05-04 07:18:00
26,大岡山,2026-05-04 07:12:00,目黒,2026-05-04 07:24:00
27,大岡山,2026-05-04 07:15:00,目黒,2026-05-04 07:21:00
28,大岡山,2026-05-04 07:17:00,目黒,2026-05-04 07:27:00
29,大岡山,2026-05-04 07:21:00,目黒,2026-05-04 07:34:00
30,大岡山,2026-05-04 07:25:00,目黒,2026-05-04 07:31:00
31,大岡山,2026-05-04 07:28:00,目黒,2026-05-04 07:38:00
32,大岡山,2026-05-04 07:33:00,目黒,2026-05-04 07:41:00
33,大岡山,2026-05-04 07:35:00,目黒,2026-05-04 07:44:00
34,大岡山,2026-05-04 07:38:00,目黒,2026-05-04 07:46:00
35,大岡山,2026-05-04 07:40:00,目黒,2026-05-04 07:49:00
36,大岡山,2026-05-04 07:43:00,目黒,2026-05-04 07:51:00
37,大岡山,2026-05-04 07:45:00,目黒,2026-05-04 07:54:00
38,大岡山,2026-05-04 07:48:00,目黒,2026-05-04 07:56:00
39,大岡山,2026-05-04 07:50:00,目黒,2026-05-04 07:59:00
40,大岡山,2026-05-04 07:53:00,目黒,2026-05-04 08:02:00
41,大岡山,2026-05-04 07:55:00,目黒,2026-05-04 08:05:00
42,大岡山,2026-05-04 07:58:00,目黒,2026-05-04 08:07:00
43,大岡山,2026-05-04 08:00:00,目黒,2026-05-04 08:10:00
44,大岡山,2026-05-04 08:03:00,目黒,2026-05-04 08:12:00
45,大岡山,2026-05-04 08:05:00,目黒,2026-05-04 08:15:00
46,大岡山,2026-05-04 08:08:00,目黒,2026-05-04 08:17:00
47,大岡山,2026-05-04 08:10:00,目黒,2026-05-04 08:20:00
48,大岡山,2026-05-04 08:13:00,目黒,2026-05-04 08:22:00
49,大岡山,2026-05-04 08:15:00,目黒,2026-05-04 08:25:00
50,大岡山,2026-05-04 08:18:00,目黒,2026-05-04 08:27:00
51,大岡山,2026-05-04 08:20:00,目黒,2026-05-04 08:30:00
52,大岡山,2026-05-04 08:23:00,目黒,2026-05-04 08:32:00
53,大岡山,2026-05-04 08:25:00,目黒,2026-05-04 08:35:00
54,大岡山,2026-05-04 08:28:00,目黒,2026-05-04 08:37:00
55,大岡山,2026-05-04 08:30:00,目黒,2026-05-04 08:42:00
56,大岡山,2026-05-04 08:33:00,目黒,2026-05-04 08:40:00
57,大岡山,2026-05-04 08:35:00,目黒,2026-05-04 08:47:00
58,大岡山,2026-05-04 08:38:00,目黒,2026-05-04 08:44:00
59,大岡山,2026-05-04 08:40:00,目黒,2026-05-04 08:50:00
60,大岡山,2026-05-04 08:45:00,目黒,2026-05-04 08:52:00
61,大岡山,2026-05-04 08:47:00,目黒,2026-05-04 08:57:00
62,大岡山,2026-05-04 08:51:00,目黒,2026-05-04 09:00:00
63,大岡山,2026-05-04 08:55:00,目黒,2026-05-04 09:03:00
64,大岡山,2026-05-04 08:57:00,目黒,2026-05-04 09:07:00
65,大岡山,2026-05-04 09:00:00,目黒,2026-05-04 09:10:00
66,大岡山,2026-05-04 09:05:00,目黒,2026-05-04 09:12:00
67,大岡山,2026-05-04 09:07:00,目黒,2026-05-04 09:17:00
68,大岡山,2026-05-04 09:10:00,目黒,2026-05-04 09:19:00
69,大岡山,2026-05-04 09:13:00,目黒,2026-05-04 09:22:00
70,大岡山,2026-05-04 09:18:00,目黒,2026-05-04 09:25:00
71,大岡山,2026-05-04 09:20:00,目黒,2026-05-04 09:30:00
72,大岡山,2026-05-04 09:24:00,目黒,2026-05-04 09:33:00
73,大岡山,2026-05-04 09:29:00,目黒,2026-05-04 09:36:00
74,大岡山,2026-05-04 09:31:00,目黒,2026-05-04 09:40:00
75,大岡山,2026-05-04 09:35:00,目黒,2026-05-04 09:44:00
76,大岡山,2026-05-04 09:39:00,目黒,2026-05-04 09:51:00
77,大岡山,2026-05-04 09:42:00,目黒,2026-05-04 09:48:00
78,大岡山,2026-05-04 09:47:00,目黒,2026-05-04 09:56:00
79,大岡山,2026-05-04 09:54:00,目黒,2026-05-04 10:05:00
80,大岡山,2026-05-04 09:57:00,目黒,2026-05-04 10:03:00
81,大岡山,2026-05-04 10:02:00,目黒,2026-05-04 10:10:00
82,大岡山,2026-05-04 10:08:00,目黒,2026-05-04 10:16:00
83,大岡山,2026-05-04 10:12:00,目黒,2026-05-04 10:23:00
84,大岡山,2026-05-04 10:15:00,目黒,2026-05-04 10:21:00
85,大岡山,2026-05-04 10:20:00,目黒,2026-05-04 10:29:00
86,大岡山,2026-05-04 10:27:00,目黒,2026-05-04 10:38:00
87,大岡山,2026-05-04 10:30:00,目黒,2026-05-04 10:36:00
88,大岡山,2026-05-04 10:35:00,目黒,2026-05-04 10:44:00
89,大岡山,2026-05-04 10:42:00,目黒,2026-05-04 10:53:00
90,大岡山,2026-05-04 10:45:00,目黒,2026-05-04 10:51:00
91,大岡山,2026-05-04 10:50:00,目黒,2026-05-04 10:59:00
92,大岡山,2026-05-04 10:57:00,目黒,2026-05-04 11:08:00
93,大岡山,2026-05-04 11:00:00,目黒,2026-05-04 11:06:00
94,大岡山,2026-05-04 11:05:00,目黒,2026-05-04 11:14:00
95,大岡山,2026-05-04 11:12:00,目黒,2026-05-04 11:23:00
96,大岡山,2026-05-04 11:15:00,目黒,2026-05-04 11:21:00
97,大岡山,2026-05-04 11:20:00,目黒,2026-05-04 11:29:00
98,大岡山,2026-05-04 11:27:00,目黒,2026-05-04 11:38:00
99,大岡山,2026-05-04 11:30:00,目黒,2026-05-04 11:36:00
100,大岡山,2026-05-04 11:35:00,目黒,2026-05-04 11:44:00
101,大岡山,2026-05-04 11:42:00,目黒,2026-05-04 11:53:00
102,大岡山,2026-05-04 11:45:00,目黒,2026-05-04 11:51:00
103,大岡山,2026-05-04 11:50:00,目黒,2026-05-04 11:59:00
104,大岡山,2026-05-04 11:57:00,目黒,2026-05-04 12:08:00
105,大岡山,2026-05-04 12:00:00,目黒,2026-05-04 12:06:00
106,大岡山,2026-05-04 12:05:00,目黒,2026-05-04 12:14:00
107,大岡山,2026-05-04 12:12:00,目黒,2026-05-04 12:23:00
108,大岡山,2026-05-04 12:15:00,目黒,2026-05-04 12:21:00
109,大岡山,2026-05-04 12:20:00,目黒,2026-05-04 12:29:00
110,大岡山,2026-05-04 12:27:00,目黒,2026-05-04 12:38:00
111,大岡山,2026-05-04 12:30:00,目黒,2026-05-04 12:36:00
112,大岡山,2026-05-04 12:35:00,目黒,2026-05-04 12:44:00
113,大岡山,2026-05-04 12:42:00,目黒,2026-05-04 12:53:00
114,大岡山,2026-05-04 12:45:00,目黒,2026-05-04 12:51:00
115,大岡山,2026-05-04 12:50:00,目黒,2026-05-04 12:59:00
116,大岡山,2026-05-04 12:57:00,目黒,2026-05-04 13:08:00
117,大岡山,2026-05-04 13:00:00,目黒,2026-05-04 13:06:00
118,大岡山,2026-05-04 13:05:00,目黒,2026-05-04 13:14:00
119,大岡山,2026-05-04 13:12:00,目黒,2026-05-04 13:23:00
120,大岡山,2026-05-04 13:15:00,目黒,2026-05-04 13:21:00
121,大岡山,2026-05-04 13:20:00,目黒,2026-05-04 13:29:00
122,大岡山,2026-05-04 13:27:00,目黒,2026-05-04 13:38:00
123,大岡山,2026-05-04 13:30:00,目黒,2026-05-04 13:36:00
124,大岡山,2026-05-04 13:35:00,目黒,2026-05-04 13:44:00
125,大岡山,2026-05-04 13:42:00,目黒,2026-05-04 13:53:00
126,大岡山,2026-05-04 13:45:00,目黒,2026-05-04 13:51:00
127,大岡山,2026-05-04 13:50:00,目黒,2026-05-04 13:59:00
128,大岡山,2026-05-04 13:57:00,目黒,2026-05-04 14:08:00
129,大岡山,2026-05-04 14:00:00,目黒,2026-05-04 14:06:00
130,大岡山,2026-05-04 14:05:00,目黒,2026-05-04 14:14:00
131,大岡山,2026-05-04 14:12:00,目黒,2026-05-04 14:23:00
132,大岡山,2026-05-04 14:15:00,目黒,2026-05-04 14:21:00
133,大岡山,2026-05-04 14:20:00,目黒,2026-05-04 14:29:00
134,大岡山,2026-05-04 14:27:00,目黒,2026-05-04 14:38:00
135,大岡山,2026-05-04 14:30:00,目黒,2026-05-04 14:36:00
136,大岡山,2026-05-04 14:35:00,目黒,2026-05-04 14:44:00
137,大岡山,2026-05-04 14:42:00,目黒,2026-05-04 14:53:00
138,大岡山,2026-05-04 14:45:00,目黒,2026-05-04 14:51:00
139,大岡山,2026-05-04 14:50:00,目黒,2026-05-04 14:59:00
140,大岡山,2026-05-04 14:57:00,目黒,2026-05-04 15:08:00
141,大岡山,2026-05-04 15:00:00,目黒,2026-05-04 15:06:00
142,大岡山,2026-05-04 15:05:00,目黒,2026-05-04 15:14:00
143,大岡山,2026-05-04 15:12:00,目黒,2026-05-04 15:23:00
144,大岡山,2026-05-04 15:15:00,目黒,2026-05-04 15:21:00
145,大岡山,2026-05-04 15:20:00,目黒,2026-05-04 15:29:00
146,大岡山,2026-05-04 15:27:00,目黒,2026-05-04 15:38:00
147,大岡山,2026-05-04 15:30:00,目黒,2026-05-04 15:36:00
148,大岡山,2026-05-04 15:35:00,目黒,2026-05-04 15:44:00
149,大岡山,2026-05-04 15:42:00,目黒,2026-05-04 15:53:00
150,大岡山,2026-05-04 15:45:00,目黒,2026-05-04 15:51:00
151,大岡山,2026-05-04 15:50:00,目黒,2026-05-04 15:59:00
152,大岡山,2026-05-04 15:57:00,目黒,2026-05-04 16:08:00
153,大岡山,2026-05-04 16:00:00,目黒,2026-05-04 16:06:00
154,大岡山,2026-05-04 16:05:00,目黒,2026-05-04 16:14:00
155,大岡山,2026-05-04 16:12:00,目黒,2026-05-04 16:23:00
156,大岡山,2026-05-04 16:15:00,目黒,2026-05-04 16:21:00
157,大岡山,2026-05-04 16:20:00,目黒,2026-05-04 16:29:00
158,大岡山,2026-05-04 16:27:00,目黒,2026-05-04 16:38:00
159,大岡山,2026-05-04 16:30:00,目黒,2026-05-04 16:36:00
160,大岡山,2026-05-04 16:35:00,目黒,2026-05-04 16:44:00
161,大岡山,2026-05-04 16:42:00,目黒,2026-05-04 16:53:00
162,大岡山,2026-05-04 16:45:00,目黒,2026-05-04 16:51:00
163,大岡山,2026-05-04 16:50:00,目黒,2026-05-04 16:59:00
164,大岡山,2026-05-04 16:56:00,目黒,2026-05-04 17:08:00
165,大岡山,2026-05-04 16:59:00,目黒,2026-05-04 17:05:00
166,大岡山,2026-05-04 17:05:00,目黒,2026-05-04 17:14:00
167,大岡山,2026-05-04 17:11:00,目黒,2026-05-04 17:23:00
168,大岡山,2026-05-04 17:14:00,目黒,2026-05-04 17:20:00
169,大岡山,2026-05-04 17:18:00,目黒,2026-05-04 17:26:00
170,大岡山,2026-05-04 17:21:00,目黒,2026-05-04 17:30:00
171,大岡山,2026-05-04 17:24:00,目黒,2026-05-04 17:36:00
172,大岡山,2026-05-04 17:27:00,目黒,2026-05-04 17:33:00
173,大岡山,2026-05-04 17:31:00,目黒,2026-05-04 17:40:00
174,大岡山,2026-05-04 17:35:00,目黒,2026-05-04 17:44:00
175,大岡山,2026-05-04 17:39:00,目黒,2026-05-04 17:51:00
176,大岡山,2026-05-04 17:42:00,目黒,2026-05-04 17:48:00
177,大岡山,2026-05-04 17:48:00,目黒,2026-05-04 17:57:00
178,大岡山,2026-05-04 17:52:00,目黒,2026-05-04 18:05:00
179,大岡山,2026-05-04 17:55:00,目黒,2026-05-04 18:01:00
180,大岡山,2026-05-04 17:59:00,目黒,2026-05-04 18:08:00
181,大岡山,2026-05-04 18:04:00,目黒,2026-05-04 18:16:00
182,大岡山,2026-05-04 18:07:00,目黒,2026-05-04 18:13:00
183,大岡山,2026-05-04 18:11:00,目黒,2026-05-04 18:20:00
184,大岡山,2026-05-04 18:15:00,目黒,2026-05-04 18:24:00
185,大岡山,2026-05-04 18:18:00,目黒,2026-05-04 18:27:00
186,大岡山,2026-05-04 18:21:00,目黒,2026-05-04 18:33:00
187,大岡山,2026-05-04 18:24:00,目黒,2026-05-04 18:30:00
188,大岡山,2026-05-04 18:29:00,目黒,2026-05-04 18:37:00
189,大岡山,2026-05-04 18:34:00,目黒,2026-05-04 18:43:00
190,大岡山,2026-05-04 18:37:00,目黒,2026-05-04 18:49:00
191,大岡山,2026-05-04 18:40:00,目黒,2026-05-04 18:46:00
192,大岡山,2026-05-04 18:45:00,目黒,2026-05-04 18:54:00
193,大岡山,2026-05-04 18:49:00,目黒,2026-05-04 18:57:00
194,大岡山,2026-05-04 18:53:00,目黒,2026-05-04 19:05:00
195,大岡山,2026-05-04 18:56:00,目黒,2026-05-04 19:02:00
196,大岡山,2026-05-04 19:00:00,目黒,2026-05-04 19:09:00
197,大岡山,2026-05-04 19:04:00,目黒,2026-05-04 19:13:00
198,大岡山,2026-05-04 19:07:00,目黒,2026-05-04 19:19:00
199,大岡山,2026-05-04 19:10:00,目黒,2026-05-04 19:16:00
200,大岡山,2026-05-04 19:15:00,目黒,2026-05-04 19:24:00
201,大岡山,2026-05-04 19:19:00,目黒,2026-05-04 19:28:00
202,大岡山,2026-05-04 19:23:00,目黒,2026-05-04 19:35:00
203,大岡山,2026-05-04 19:26:00,目黒,2026-05-04 19:32:00
204,大岡山,2026-05-04 19:30:00,目黒,2026-05-04 19:39:00
205,大岡山,2026-05-04 19:34:00,目黒,2026-05-04 19:43:00
206,大岡山,2026-05-04 19:37:00,目黒,2026-05-04 19:49:00
207,大岡山,2026-05-04 19:40:00,目黒,2026-05-04 19:46:00
208,大岡山,2026-05-04 19:46:00,目黒,2026-05-04 19:56:00
209,大岡山,2026-05-04 19:52:00,目黒,2026-05-04 20:04:00
210,大岡山,2026-05-04 19:55:00,目黒,2026-05-04 20:01:00
211,大岡山,2026-05-04 19:59:00,目黒,2026-05-04 20:08:00
212,大岡山,2026-05-04 20:02:00,目黒,2026-05-04 20:11:00
213,大岡山,2026-05-04 20:05:00,目黒,2026-05-04 20:17:00
214,大岡山,2026-05-04 20:08:00,目黒,2026-05-04 20:14:00
215,大岡山,2026-05-04 20:12:00,目黒,2026-05-04 20:21:00
216,大岡山,2026-05-04 20:16:00,目黒,2026-05-04 20:25:00
217,大岡山,2026-05-04 20:20:00,目黒,2026-05-04 20:34:00
218,大岡山,2026-05-04 20:23:00,目黒,2026-05-04 20:29:00
219,大岡山,2026-05-04 20:30:00,目黒,2026-05-04 20:39:00
220,大岡山,2026-05-04 20:38:00,目黒,2026-05-04 20:50:00
221,大岡山,2026-05-04 20:41:00,目黒,2026-05-04 20:47:00
222,大岡山,2026-05-04 20:47:00,目黒,2026-05-04 20:55:00
223,大岡山,2026-05-04 20:52:00,目黒,2026-05-04 21:05:00
224,大岡山,2026-05-04 20:55:00,目黒,2026-05-04 21:01:00
225,大岡山,2026-05-04 21:02:00,目黒,2026-05-04 21:12:00
226,大岡山,2026-05-04 21:07:00,目黒,2026-05-04 21:19:00
227,大岡山,2026-05-04 21:10:00,目黒,2026-05-04 21:16:00
228,大岡山,2026-05-04 21:18:00,目黒,2026-05-04 21:27:00
229,大岡山,2026-05-04 21:23:00,目黒,2026-05-04 21:36:00
230,大岡山,2026-05-04 21:26:00,目黒,2026-05-04 21:32:00
231,大岡山,2026-05-04 21:33:00,目黒,2026-05-04 21:42:00
232,大岡山,2026-05-04 21:39:00,目黒,2026-05-04 21:50:00
233,大岡山,2026-05-04 21:42:00,目黒,2026-05-04 21:48:00
234,大岡山,2026-05-04 21:48:00,目黒,2026-05-04 21:57:00
235,大岡山,2026-05-04 21:52:00,目黒,2026-05-04 22:05:00
236,大岡山,2026-05-04 21:55:00,目黒,2026-05-04 22:01:00
237,大岡山,2026-05-04 22:03:00,目黒,2026-05-04 22:12:00
238,大岡山,2026-05-04 22:09:00,目黒,2026-05-04 22:17:00
239,大岡山,2026-05-04 22:13:00,目黒,2026-05-04 22:22:00
240,大岡山,2026-05-04 22:18:00,目黒,2026-05-04 22:26:00
241,大岡山,2026-05-04 22:22:00,目黒,2026-05-04 22:31:00
242,大岡山,2026-05-04 22:28:00,目黒,2026-05-04 22:37:00
243,大岡山,2026-05-04 22:35:00,目黒,2026-05-04 22:44:00
244,大岡山,2026-05-04 22:42:00,目黒,2026-05-04 22:51:00
245,大岡山,2026-05-04 22:47:00,目黒,2026-05-04 22:56:00
246,大岡山,2026-05-04 22:53:00,目黒,2026-05-04 23:02:00
247,大岡山,2026-05-04 22:58:00,目黒,2026-05-04 23:07:00
248,大岡山,2026-05-04 23:06:00,目黒,2026-05-04 23:15:00
249,大岡山,2026-05-04 23:14:00,目黒,2026-05-04 23:23:00
250,大岡山,2026-05-04 23:21:00,目黒,2026-05-04 23:30:00
251,大岡山,2026-05-04 23:27:00,目黒,2026-05-04 23:39:00
252,大岡山,2026-05-04 23:30:00,目黒,2026-05-04 23:36:00
253,大岡山,2026-05-04 23:37:00,目黒,2026-05-04 23:46:00
254,大岡山,2026-05-04 23:45:00,目黒,2026-05-04 23:54:00
255,大岡山,2026-05-04 23:50:00,目黒,2026-05-04 23:58:00
256,大岡山,2026-05-04 00:02:00,目黒,2026-05-04 00:11:00
257,大岡山,2026-05-04 00:15:00,目黒,2026-05-04 00:24:00
258,大岡山,2026-05-04 00:29:00,目黒,2026-05-04 00:38:00
